[
  { "title": "The Hobbit", "author": "J.R.R. Tolkien", "available": true },
  {
    "title": "The Silmarillion",
    "author": "J.R.R. Tolkien",
    "available": true
  },
  {
    "title": "Harry Potter: The Philosopher's Stone",
    "author": "J.K. Rowling",
    "available": true
  },
  {
    "title": "Harry Potter: The Chamber of Secrets",
    "author": "J.K. Rowling",
    "available": true
  },
  {
    "title": "Rich Dad. Poor Dad.",
    "author": "Robert Kiyosaki",
    "available": true
  },
  { "title": "The Bible", "author": "Unknown", "available": true },
  {
    "title": "The Da Vinci Code",
    "author": "Dan Brown",
    "available": false
  },
  {
    "title": "To Kill a Mockingbird",
    "author": "Harper Lee",
    "available": true
  },
  {
    "title": "The Great Gatsby",
    "author": "F. Scott Fitzgerald",
    "available": true
  },
  {
    "title": "The Little poopoo",
    "author": "Antoine de Saint-Exupery",
    "available": true
  }
]
